logDistKO,sigma,mu,T,pAnalytic,hasTP,ratio,LossProbability,ExpectedLoss,ExpectedProfit
0.06275914472656284,0.36724258636461693,-0.007181854032530382,0.12455285520504827,0.7660615148646237,0,0.7625926752866212,0.46341463468292676,4.509038442210676,66.6004022577075
0.38062527933187096,0.30516911661493085,-0.006526976589358867,0.06691769166240362,0.4005614217921769,0,1.0056035446494835,0.46341463468292676,154.0751490586527,259.3416255936854
0.25872554991334934,0.2523878454009014,-0.004795107298900889,0.02706376349882398,0.5514107288663082,1,1.0771968539698036,0.5365853663170731,120.6450519484641,179.07177158433572
0.35257606504139305,0.16087723209563515,-0.008197747794072027,0.18323638994397426,0.4346557927470708,1,0.5441471380387186,0.5365853663170731,88.3465804735775,114.12418135428754
0.3462948614481347,0.15910450651268687,0.008124255192523943,0.12328274280917027,0.44238843112694903,0,0.5415099663853226,0.46341463468292676,74.35331200793578,129.6782569253431
0.001977430424642484,0.33326411463006594,0.006421303039612856,0.1271444041594604,0.8160952098248789,1,1.2483589270843,0.5365853663170731,32.16797260047257,58.99473840448555
0.025504504575163362,0.159647628692746,-0.009473209716134337,0.17632858330212933,0.7977801323801139,1,0.6151763713523636,0.5365853663170731,8.085831708896547,35.77904163606433
0.32407295369732797,0.40897132973604433,-0.004207866421997485,0.04872929695468829,0.46994508461325224,0,1.1045592839850853,0.46341463468292676,140.2894314896687,251.34394604265452
0.353291163152685,0.1203178752308329,-0.0015926768125932092,0.14569272840660658,0.4337773931344195,0,0.5132537749657657,0.46341463468292676,72.13759407463984,124.8384099782895
0.35908737213308334,0.20697536436234387,-0.008626783284650549,0.03418858832409074,0.4266733576429858,0,0.5120335244629688,0.46341463468292676,73.34143505774355,126.13411582933892
0.24979839834840895,0.2756717932297251,0.0002699247795482744,0.02179058183067971,0.5624245905038807,1,0.5128968223058138,0.5365853663170731,54.987102474883535,83.14144509370445
0.017269516604612355,0.12550923844124623,0.0030828624186491887,0.20270283955275212,0.8043413865907688,1,0.9611937615374074,0.5365853663170731,16.8811561594208,52.23550794284634
0.18638361463620495,0.3466424322904285,-0.009111123689967731,0.04837601985241101,0.6383204720791126,0,1.2922862771862589,0.46341463468292676,81.675287873135,198.58467137502615
0.45362918938213453,0.2602795970441213,-0.0040525493091217,0.13734778588514204,0.3168803115773683,1,0.5194121664480363,0.5365853663170731,112.49507466715633,133.2603168582287
0.3553499874450965,0.48307147137032425,-0.0033433147023168,0.05247256122178984,0.4312507516882172,0,0.9521515012961587,0.46341463468292676,134.73291553077786,232.64311760986385
0.06734678781002144,0.4104441759690848,-0.0070290177860432386,0.06313208602514682,0.7619256685107219,1,1.0128393771652315,0.5365853663170731,9.42754183128908,78.54665627233098
0.3574747221346361,0.40648921537515204,0.003440865861922906,0.07789495411230947,0.4286469718953398,1,1.4898285833140037,0.5365853663170731,245.80150882251877,315.84437593821514
0.4645314211791993,0.10968680810634364,-0.003091849700124865,0.025428579172784734,0.3051999213412188,0,0.7654437284290063,0.46341463468292676,147.04168443828905,231.8676775374032
0.21110698986384413,0.1864494817733995,0.0018467683586509739,0.03874655495339378,0.6093224471403742,1,0.6213933476812176,0.5365853663170731,53.71799660394006,89.58723075070287
0.37557569582740574,0.22852354241931977,-0.003523218833619365,0.18516558395939206,0.40663868383376545,0,0.5420841006758084,0.46341463468292676,81.7877746609332,138.3327928926224
0.4631098345681605,0.45835788192151017,-0.00523852692695266,0.1890576441441931,0.3067092628859873,0,1.045344006524116,0.46341463468292676,200.1218515106936,315.8574824347154
0.14863207943208145,0.3501316965791079,-0.006153821310100062,0.05660902773803521,0.6806671844355638,0,0.730848330646217,0.46341463468292676,33.405285926995276,97.50418244778257
0.06760995512251275,0.4949706999561613,0.005632742650635887,0.19667911992253695,0.7616869001535403,0,0.7947683508017884,0.46341463468292676,6.485874759164772,71.47912010986207
0.060963827679382555,0.3224842771061157,0.004249591917847094,0.13963556116429884,0.7676663764021571,0,1.3809271742966618,0.46341463468292676,7.016212299795762,119.27183212140673
0.2318234253822935,0.23928169391084542,0.009275961052289216,0.12860355063742193,0.5844049674106182,1,1.310336689376429,0.5365853663170731,127.8414126924418,201.4928721103764
0.09092733757147907,0.1429335445365559,-0.009943136535558448,0.20806006945113656,0.7398835343250338,1,0.9040045362915865,0.5365853663170731,19.852853044096637,79.98498543384795
0.45534381803839646,0.2600117933750208,-0.007501003582729494,0.212780214544749,0.31502742764218555,1,0.6726327595173534,0.5365853663170731,146.29867523294064,173.1050352257565
0.47121616009213785,0.31688077031489503,0.0023186296281957203,0.18446689747481929,0.2981588285998364,1,0.7805089053141461,0.5365853663170731,176.40939547701547,206.6084558034898
0.12355520744973571,0.31023762310400493,0.006085840275551117,0.19760017410740266,0.7072828687442533,1,0.6895617717828424,0.5365853663170731,27.21607079920415,71.43774075456452
0.3200136927515332,0.19140435275221446,0.006672346161991518,0.03636782009916745,0.47500373932948126,0,1.305139342697868,0.46341463468292676,163.3098630199746,294.1434311058684
0.471547626178501,0.4115175837238867,0.009067304702041349,0.11332161019245239,0.29781213145474134,1,1.4691922725034843,0.5365853663170731,332.3258375362795,389.13545715316
0.31713836654887456,0.33501191001153174,-0.005775199614360556,0.12018020248980271,0.47859014142102224,1,0.6110320762316845,0.5365853663170731,87.58688877264298,118.11740284717025
0.3603416329065066,0.23914662848186988,0.0004242906116062265,0.060085746552835106,0.4251399613642523,1,1.2886383034235975,0.5365853663170731,214.59020840063738,274.90398400933736
0.026149738359334755,0.1794204637778087,0.008694885204869737,0.0311365779354873,0.797259164213446,0,0.8136694563150729,0.46341463468292676,8.993130718230532,55.07736966572334
0.44103098611395386,0.21653300510557974,-0.00458679498852547,0.11400667515304251,0.3306703059343496,0,0.9537892176088827,0.46341463468292676,172.83564965921573,276.8938890121644
0.17786321820591727,0.36502649852308744,0.009986741356545472,0.19131038707276357,0.6480967951734656,0,0.6835028027107486,0.46341463468292676,40.50006083079352,101.90844733973545
0.19354992904399984,0.33722079779823344,0.0022566736360344446,0.2112244834896291,0.6300078183806291,0,0.9711226976807801,0.46341463468292676,64.60212916155317,152.96599930895192
0.44070518386583085,0.22496111100770586,0.008386882393801065,0.198136771441501,0.3310309502462902,0,0.7983530849676361,0.46341463468292676,144.54861207445836,231.62976404008097
0.20546258064241268,0.10744838994343225,0.00781591551276665,0.15526421000029156,0.6160195586522349,1,1.4846626077707217,0.5365853663170731,123.848989583089,210.16264758266263
0.01543381834190051,0.47623190748329824,0.005044295217396829,0.08816019959196458,0.805781829941205,1,0.5425943425123554,0.5365853663170731,10.063881018902771,29.025390180032407
0.1719383987001788,0.3087509851012151,-0.0027008634119764265,0.06370223025032423,0.6548230825772249,1,1.1436755208501945,0.5365853663170731,74.8311014351499,144.1262560919543
0.049780236114645486,0.22876423137670582,0.0033039923726133954,0.04718261379151727,0.7774900141183008,1,0.7908742908811542,0.5365853663170731,0.09326154529528821,54.89486390799438
0.2896747592788538,0.2405264523534693,-0.00998696791007508,0.09019847550904307,0.5129036850504988,0,0.6831651666123257,0.46341463468292676,75.87832911846002,142.8455823118333
0.09011544268118005,0.14341651687557647,0.008896025502540183,0.15115876332445013,0.7406640429613581,0,1.1418670204663028,0.46341463468292676,21.227402931210094,116.48546792590011
0.3076607097441613,0.44424756837275237,-0.002875355571916027,0.10425736738567119,0.4904252834294095,0,0.6953439857789054,0.46341463468292676,83.0266750461461,152.10286084051123
0.3360863529779419,0.32175491611554985,0.0007506714066260814,0.10227310771228425,0.45501403810448837,1,1.474743634916257,0.5365853663170731,226.38752746365685,298.02916782961023
0.2702039905219357,0.19023846280306506,-0.0037727062188893127,0.18259521151082367,0.5371762764796931,1,0.8172675270201952,0.5365853663170731,96.5668917181426,140.20873880395067
0.49490431020730374,0.4006252625494382,-0.0009696376374781317,0.12036134519631107,0.27398017914184564,1,0.541355053447818,0.5365853663170731,129.23722757238636,149.2447471269414
0.2813586673146853,0.2680622217096678,-0.00672708175924005,0.10125906115456441,0.5232848110985999,0,1.4530269391616,0.46341463468292676,155.78627208571373,297.33505277588665
0.35731311601461524,0.22358695889058847,-0.00031521894518063247,0.10280368069317364,0.42884487705537955,0,0.6884044204784578,0.46341463468292676,98.03801092263807,168.92585723008045
0.4698134194918971,0.2852472136659768,0.008143536252036473,0.120151713704761,0.29962859173355744,0,1.447234875032322,0.46341463468292676,281.55619086771236,442.497188945359
0.42140887953406614,0.35337463442858996,0.0027964580863697724,0.12101037561009191,0.35273370520788383,0,0.5632085879627655,0.46341463468292676,96.93738404846454,157.57470943900677
0.4597400554734003,0.4618856413112421,0.0025102559814743023,0.13381983585367904,0.31030361077204516,0,0.8771891442021305,0.46341463468292676,166.56026954688033,263.46228766824584
0.002535116394299602,0.2495550633173227,-0.007810892573469734,0.15057381274671006,0.8156763427041344,0,0.7354187389069324,0.46341463468292676,16.176212995064535,40.46188805300567
0.1994788270441251,0.4308502545258265,0.00651563498029282,0.13965160235746374,0.623071523393922,0,1.2923347972297736,0.46341463468292676,89.52090505794995,207.6729754727894
0.000524078728875182,0.31773652220970794,-0.008996364371383733,0.15020152884079213,0.8171833285009442,0,1.0303910353828178,0.46341463468292676,23.624667567754628,55.57903434373047
0.4506217138611813,0.3095292030878035,0.004397991511224766,0.15544180138755673,0.3201443367420463,1,0.8522358929515983,0.5365853663170731,183.2032315987633,217.46176007106124
0.4224596120987365,0.4434905014669013,0.005902922421648598,0.20830827455423226,0.35153515764529714,1,1.1626971045800936,0.5365853663170731,232.37243133056248,281.50690915014087
0.4239447523951273,0.4190885765101242,0.0086911321239039,0.05734096718828238,0.3498442800588358,1,1.466316375400087,0.5365853663170731,294.2211930956107,356.0269907316917
0.4533969331315704,0.42561646212153903,-0.0011227979004023586,0.05914727738087405,0.3171317442948001,0,1.3206106423496318,0.46341463468292676,246.87500947391223,392.14832510586115
0.4590457675322172,0.33013240705716074,0.008368639069781006,0.0319737507831183,0.31104704072900924,1,0.8475127678120102,0.5365853663170731,186.01885950861328,219.56512391998524
0.4878300283978833,0.25582231830611,-0.007923463898675267,0.046379668911164476,0.28107204190221446,1,1.0123754658328254,0.5365853663170731,237.84059379096726,275.78022601121427
0.32835831950807864,0.11225425117288448,0.0010807685978155446,0.08352956605308204,0.4646113710348211,0,0.6992147463370183,0.46341463468292676,90.19542921534308,160.71507256504682
0.23215140413127439,0.1462500700942474,-0.006936826946650086,0.0964608084580213,0.5840066218551883,1,1.480408018445786,0.5365853663170731,144.69475094047942,227.87005924201645
0.24073631001670673,0.21041578823254248,0.009888991229184433,0.14378891209316855,0.5735422855897919,1,0.5438804961945305,0.5365853663170731,55.66416337862007,85.87992269227172
0.4408363094277849,0.4506856670373519,0.008536553782660774,0.21288343349140298,0.33088577790921686,0,0.7391657252978374,0.46341463468292676,133.877153288856,214.5094774528826
0.02740324569279479,0.43229192045158327,0.007444588959889758,0.1857266580340111,0.7962442108366318,0,1.3379115671095958,0.46341463468292676,14.010163927639958,91.46327001081264
0.43904427831948,0.45592867003564197,-0.004998455455060329,0.048247219616662354,0.33287255700365886,1,1.1137529335048761,0.5365853663170731,232.5020133060504,278.216604089575
0.3387823558127425,0.4061093203286218,-0.0009242254639622877,0.0765446897673163,0.45167339095364323,0,0.6402827981581366,0.46341463468292676,85.68646648778045,150.75086522408918
0.2564768920449898,0.143750897442806,-0.0001162512647529361,0.09031151907067352,0.5541901985945904,0,1.1850041466229615,0.46341463468292676,113.38642676171769,226.66792893110602
0.17661533140419766,0.3508842963030955,0.00550088040321175,0.18289067117631932,0.6495184879727512,1,0.8384542187389239,0.5365853663170731,56.96452426878886,107.47942769960804
0.27683537606002545,0.21237168186920308,-0.001810073662460816,0.04202675008309388,0.5289234531535765,0,1.426376325044025,0.46341463468292676,149.93901460764022,288.4194947048442
0.2388542311912655,0.3977489336848953,0.0020676812678890686,0.2020458709178706,0.5758423795270837,0,1.3236893936170682,0.46341463468292676,115.84640288009142,240.6787934135449
0.3408468593102167,0.2892155849324612,-0.005917841855398306,0.20961591748037187,0.4491181667887972,0,0.7946493203261166,0.46341463468292676,107.10497383931231,187.97586460746004
0.23853784740834397,0.251216804492854,0.0008370541459121993,0.21708918798579332,0.576228713521326,0,1.1294840670328048,0.46341463468292676,98.68437569785993,205.17581209181844
0.16339137110085755,0.2900132828345584,0.0004971578766112955,0.1522693749946865,0.6644175569393176,0,0.6748104683006231,0.46341463468292676,35.45941468599897,95.37228279575173
0.08629484921055607,0.11771696396997058,-0.007522120809891317,0.06492165960600678,0.7443164539102974,0,1.2272985296916676,0.46341463468292676,20.642626520449042,122.68455303720378
0.22066412038200728,0.45632134934715995,-0.009295093565851028,0.027673481389728135,0.5978895890247197,1,0.5424805935670065,0.5365853663170731,49.678132071179235,80.61285808643576
0.4331868842398687,0.32837444517220116,0.0034307388837592385,0.19223321877989602,0.33940778878306777,0,1.063542816584717,0.46341463468292676,188.85798813850803,304.27989661940273
0.06234390524325143,0.44705744383253976,-0.008468098853932739,0.2179178061699112,0.7664333872865485,0,0.623606861160885,0.46341463468292676,3.567247225130887,54.32324408961752
0.12444123980796022,0.13141046782555546,-0.006981485596383683,0.0509657695847404,0.7063648339326033,1,1.1270967706232782,0.5365853663170731,45.020843496256965,117.22860805502744
0.36173564468591274,0.13208557908986024,0.00018208040398642357,0.19699529080511782,0.4234374022791205,1,0.8563476481271663,0.5365853663170731,143.24365611425,183.23703479925044
0.4735392664901629,0.30264295423526455,-0.009285050918946533,0.07831853349614822,0.2957338732860475,1,0.6084391559047807,0.5365853663170731,138.27690800985275,161.71490706874647
0.4000903905369762,0.4413283798570411,-0.0007918205255604445,0.066298763270629,0.3774344641192521,1,1.0814569027076741,0.5365853663170731,203.1553349850241,250.62677759463665
0.11750963359023893,0.11891956088082845,-0.009041962241307815,0.2034028430205783,0.7135016212930382,1,0.5956657822689347,0.5365853663170731,21.57780322524058,60.04141152112009
0.4417692795124693,0.4537278406106531,-0.006151084777038119,0.06248716553788966,0.32985379424897976,0,1.225425226020359,0.46341463468292676,222.47793196476735,356.2378123155672
0.4880948199369455,0.1649731695954563,-0.007141950417841761,0.11529082155567168,0.28080458660500224,0,0.9156485555766376,0.46341463468292676,185.8945585697964,288.94487271549593
0.3489981816844075,0.11633904130027585,-0.00644781444987646,0.1619777569090844,0.43905678880173143,0,0.8652420329699488,0.46341463468292676,119.88805128329972,208.45917514396515
0.46166751578527854,0.3762066985835353,-0.0010259660291606406,0.02752225472010777,0.30824486064281253,0,0.7520977520626493,0.46341463468292676,143.47975751167445,226.66915276435165
0.4839811194613488,0.28448085290588476,-0.00023095955617304792,0.2127318244207333,0.2849771298889366,0,1.174961434060224,0.46341463468292676,236.30025615336658,368.1808888733028
0.03957841989564636,0.43732067716183176,-0.008729200520892256,0.05432393010441397,0.7861895255013602,0,0.913374928950041,0.46341463468292676,4.411155852909181,68.40788885386503
0.3775198542873933,0.22700259784562637,0.00647982282400123,0.10081449665167114,0.40429536057039595,0,1.3156125763503894,0.46341463468292676,199.6803794213037,337.0996281181444
0.10356271527873478,0.448117044171373,0.000740458076233257,0.13770479265493563,0.7275418350874298,1,1.0870719838827252,0.5365853663170731,31.243502405626813,102.54778453427085
0.08741227704445471,0.39749762504245045,0.00920407054908763,0.09394879100562484,0.7432517177871485,0,0.9578071196832727,0.46341463468292676,16.605881995278953,96.31965580424426
0.2563974928373459,0.3617801827666257,-0.009835451980976132,0.2093026605198638,0.5542882796831272,1,1.2387484399316593,0.5365853663170731,137.19123401305643,204.5914614224457
0.26913456701167604,0.1456277214203159,0.0023767904715504447,0.14643075507433653,0.5385053983696444,1,1.0343171942673237,0.5365853663170731,121.61956867593837,176.93274039656492
0.3167693951710916,0.3498842229367626,-0.006634093540084592,0.19596630415691357,0.4790505280478102,0,0.526463746571198,0.46341463468292676,65.08399738740432,117.73432913191618
0.18756757941449415,0.48057164735187385,0.00521673616730456,0.12605162331184913,0.6369526614368125,0,0.928484928993734,0.46341463468292676,59.19168445599195,143.26945347083944
0.40093784774697283,0.14133457860040227,0.008086645714047666,0.2019372911853424,0.3764393147488818,1,1.4896572339300334,0.5365853663170731,280.5145436138363,345.8119041484997
0.22877959032951836,0.42630549609954727,-0.0051551055419981045,0.10502424512292456,0.5880965234698144,0,1.3089053886052713,0.46341463468292676,108.44160534371123,230.91488522777493
0.4781850939514977,0.4672733520936563,0.0033771259306823505,0.17571132905581563,0.2909188798917062,0,1.3207926032230224,0.46341463468292676,262.0812294041544,409.7701727236158
0.24495621712177815,0.41676328178344446,0.0008257152749345242,0.02736845964908994,0.5683736894633505,0,0.6103212698876491,0.46341463468292676,55.139819432598834,112.96952580817371
0.20812759302003664,0.19895623703438614,-0.0072468034630859286,0.15055953426778296,0.6128628221773484,0,0.5979882800476571,0.46341463468292676,43.81976834791974,98.86944298591288
0.36123365972248545,0.3858028951500556,0.004727868770588128,0.2192598589506279,0.42405028818168033,1,1.2099542141472708,0.5365853663170731,202.06650065366748,258.6185508503571
0.2273551475849725,0.4704202400382703,-0.00648040780633707,0.091924207858706,0.5898207123006061,0,1.3346862149586372,0.46341463468292676,109.69648651820549,234.44294765099815
0.37585073564008376,0.13679220473244424,-0.0016247005814801433,0.02702693211241948,0.40630691341255765,1,1.4805241250342336,0.5365853663170731,258.8648113468947,326.4795456876228
0.4364220788406311,0.24521860878226284,-0.003760734774992212,0.12484488723093873,0.3357904473556461,1,1.4600346991606217,0.5365853663170731,302.7359065990211,362.94395382146405
0.38616177713785405,0.1418339584217565,-0.00917392010762073,0.173320125096161,0.3939331936854231,1,1.2454904498278585,0.5365853663170731,224.6609325474858,280.60212555925654
0.3911286752629693,0.47298514320188445,-0.005321942630839508,0.1216189658556222,0.3880198435701582,0,0.8100866881711812,0.46341463468292676,128.0617605603801,213.48413745024567
0.3386106294759599,0.2461224616254319,-0.009295957218527775,0.06275700302922958,0.4518860523849577,0,1.1697756003913355,0.46341463468292676,156.45326298888034,275.3090795669294
0.30883150538840864,0.3875579423678843,0.003291074295198114,0.1605142370334427,0.4889624117105369,0,1.1993046150073896,0.46341463468292676,143.8521601546374,263.09505451252
0.23603742929922297,0.2697720709116068,0.006992463235274174,0.15306479925898125,0.579278642436584,1,0.7405736694301356,0.5365853663170731,73.92773851956498,115.32558450803815
0.29651020690636254,0.15387024602567323,0.003647734817884739,0.12132824988166255,0.5043621306907575,0,1.3295695957865425,0.46341463468292676,151.88529400321448,282.8813202409743
0.26351991564199323,0.17394484098718727,0.009388882415084577,0.11937078733899202,0.5454740986892544,1,0.9455706376794588,0.5365853663170731,108.33559963987969,159.29125375321777
0.15521971050427283,0.21070444887071127,-0.006087542025413151,0.14074018182267442,0.6734655631525692,0,0.912963066908048,0.46341463468292676,44.51640206183797,125.02770065599748
0.032014720156795684,0.25070011194362307,-0.006906789130022186,0.13869059070883813,0.7924778375578048,0,1.3522154264395199,0.46341463468292676,11.270231335084812,95.78710976978705
0.42138541649160227,0.2537118826777264,-0.003796350161450147,0.09218377481782054,0.35276049021625755,0,0.5443919003216512,0.46341463468292676,93.69280596401354,152.30331567806
0.3535718828689176,0.24112615927174974,-0.008315983097216106,0.057287857959646665,0.43343268097516496,1,1.4958924269284553,0.5365853663170731,243.66925322177252,314.4243935483705
0.10285862423612673,0.37804383760227067,-0.008187536410143383,0.10940534363007423,0.7282391170342257,0,0.8537203480274045,0.46341463468292676,20.912272670633776,92.92828713221769
0.030811543590767095,0.3616001052137465,-0.006767291248201994,0.11193208324347255,0.793465449189639,1,0.9357756639066039,0.5365853663170731,9.634975417717282,56.72670535682592
0.45659414793206105,0.31109047895813846,0.0005798194699826748,0.02860198606206197,0.313679977098068,1,1.1514849731007055,0.5365853663170731,251.22232053106174,297.0069790135206
0.06796753130292871,0.36370465153069453,0.003685379966015638,0.14018488362440137,0.7613622122488468,0,1.2671098288926808,0.46341463468292676,10.550484763013413,114.20323931684946
0.20863080965756942,0.14456882143605912,0.0020659131054142077,0.11001061883289863,0.6122656820337141,0,1.351657286682938,0.46341463468292676,99.3628124456685,223.84360516413665
0.07321311769690976,0.12561494560242395,0.007166243836826758,0.17849037149850763,0.7565642497472659,0,0.860363625623455,0.46341463468292676,9.255188302692341,79.96531335514742
0.45062922893587,0.15941882173503696,0.005622954916033407,0.06838048324379162,0.3201361584443764,1,0.9727052037942714,0.5365853663170731,209.1041705980572,248.20483903461982
0.07171467974396174,0.3220839486560244,0.005879109397474264,0.1925703670515541,0.7579414684213686,0,1.2334503576780904,0.46341463468292676,12.41208807398263,113.64960303934805
0.42305115001418214,0.2625416724768196,-0.008604356282672079,0.1905110479940246,0.3508612245050014,1,0.7237233311048352,0.5365853663170731,144.87044064064162,175.42297767587206
0.004803661026434815,0.32333591292767594,0.0028872293573279067,0.10210799250849896,0.8139648721035823,1,0.5762846493517443,0.5365853663170731,13.975879033094431,27.98873362719574
0.12527903640888585,0.3682715126631183,0.0053352412094060525,0.11577181818698153,0.7054952316107086,0,0.5703029521137024,0.46341463468292676,19.89525068715825,68.9390386943047
0.17951100095152436,0.46124850099964465,-0.005306467905317651,0.17851250018855208,0.6462154831875611,0,0.5988565232133756,0.46341463468292676,35.94174753445985,89.81740715539841
0.29360062945336135,0.423736074158799,-0.004523354803455694,0.03453263723036863,0.5079985307879004,0,1.1457927206744407,0.46341463468292676,129.34635945728382,241.99180936220003
0.4699483087612075,0.4154120023899768,-0.003993521292690896,0.20237691185547826,0.2994870774213718,0,0.6877012342157314,0.46341463468292676,133.83366929145154,210.31686364903743
0.41568122683823167,0.15471451117411,0.007833022716377406,0.024899571838276263,0.35929942456839464,0,0.8614003673947418,0.46341463468292676,145.97465674971698,238.35551102151103
0.19199637216143142,0.1108773637613642,0.007857425733403036,0.03065722127009985,0.6318166373645728,1,1.0251333906897964,0.5365853663170731,78.10816821645618,138.7163264514395
0.029996369513681332,0.4340422324529115,-0.0002583940374936873,0.07844117880726288,0.7941325958836203,0,1.4863660274941317,0.46341463468292676,13.778576085388044,103.68019798265188
0.1689383881953258,0.248211683215672,-0.0015518787370770604,0.1131822896437637,0.658205622765968,0,1.3060056505752753,0.46341463468292676,71.98414481541865,188.46759010600692
0.28348726582875816,0.28657525004193896,-0.0037867708940928667,0.05089621059172611,0.5206292003533493,1,1.4205073024707415,0.5365853663170731,177.9694649137233,252.44348191271507
0.38403232087568956,0.23721018756609885,0.0005531909645317083,0.19959681413117647,0.3964780802736565,1,1.1716810919678218,0.5365853663170731,210.00843429053728,262.8170447897584
0.009688539900671943,0.25238438926282547,-0.005935829708322803,0.11101190468809191,0.810237988347296,0,0.6544502541210736,0.46341463468292676,12.225733204739953,38.519152202154395
0.3098393326205385,0.42529745489605586,0.0075980775699010464,0.022354697325432066,0.487703314275274,0,1.3412076750962099,0.46341463468292676,161.49930840281186,294.9500603458656
0.2792932054862814,0.28769802906908937,-0.0001302864542837654,0.21318572515304465,0.5258603968576997,1,0.5023823142994113,0.5365853663170731,61.81079827185098,88.30375037595388
0.4494025266959344,0.33288393254991805,0.00634036425330693,0.1761091375332834,0.3214725811619832,1,1.2368979541291008,0.5365853663170731,265.0839928916748,314.91566709990485
0.197110911690216,0.4837682999594921,-0.004161438054480329,0.09748213041456516,0.6258480101616292,0,1.4668528209286058,0.46341463468292676,100.00026987777206,233.85354944205355
0.005425962389179488,0.18767901942491488,-0.003630006068213846,0.08196651973853192,0.813493248538594,1,1.4287243508401906,0.5365853663170731,34.1719094172342,69.80166221916113
0.0713537831657351,0.27230303072012174,0.008945917328328787,0.15625330223527426,0.7582723759273191,0,0.5000779046677416,0.46341463468292676,4.948598730187342,45.980129186533304
0.46602772244532953,0.11366954837630948,-0.005810435384423674,0.05641228779983348,0.30361576214745817,1,0.7213914916950238,0.5365853663170731,161.03938804612903,189.22497731506508
0.3372569178870213,0.25447612076740533,-0.007588559471810497,0.12320664835311783,0.45356306272084074,0,0.9613443126256318,0.46341463468292676,127.97325090886403,225.5560467420493
0.3121814172771673,0.33519031248762754,-0.005490863162787102,0.19733005423905797,0.4847779338534877,1,1.2766888350139785,0.5365853663170731,179.60804747437967,243.8614840322836
0.3280480135362819,0.1699943922786016,0.0009546897238840776,0.20076786407305294,0.46499733154761863,0,1.4075607964338552,0.46341463468292676,181.36634616657938,323.2946158374686
0.04963958824502285,0.4478889384995629,0.005121949741207972,0.1250652921689047,0.7776116502863509,1,1.1182997159745076,0.5365853663170731,0.21626985362447018,77.54868947430683
0.1026746065368292,0.13297994659886694,-0.0007566724302045403,0.14907723157157993,0.7284211706571727,1,0.690817093099848,0.5365853663170731,19.525546565519377,64.88318452354676
0.39689967846353524,0.17917106807193303,-0.0032732382199136727,0.06680061929244577,0.38119045951984887,0,1.2993716005232985,0.46341463468292676,208.8848836100971,346.45027455849794
0.3973081199905407,0.3887356098223178,0.00036689463554271176,0.06098895464138546,0.3807088518371772,0,1.1237328721320874,0.46341463468292676,180.8621824690182,299.86616077951777
0.13911105931695134,0.364697497833845,-0.004480811643638095,0.13912816284183793,0.690924442593709,0,1.1472988872077776,0.46341463468292676,47.378130900045385,147.20245717023772
0.4953533904605328,0.24578981573963066,0.001504693185679938,0.15614645010612274,0.2735337618045533,1,1.4285760083834529,0.5365853663170731,341.38696895364376,394.13765405248677
0.12063205666869509,0.4053161853483488,-0.0016197275703864773,0.0457787049868045,0.7102996307237768,1,0.9170402774666624,0.5365853663170731,34.7559438983342,93.76197958537243
0.33491811195151794,0.184558558875955,0.0072459334029098665,0.1412555850489324,0.4564628949257235,0,0.8086704589932554,0.46341463468292676,106.77298419629498,188.7199862200339
0.1601908438187981,0.19510110211330517,-0.003906741269820715,0.12268619596151925,0.6679761755684301,1,0.5660589887136869,0.5365853663170731,33.469253384678126,68.25326706755077
0.024872671824354993,0.1744827842686711,0.008542541888795113,0.10632612679448265,0.7982893113416265,1,0.8165392909741678,0.5365853663170731,11.009363817253446,47.251351546813716
0.27663542296580756,0.4044413718881278,0.006061851520120095,0.14486708831268694,0.529172550927579,1,0.837255880859334,0.5365853663170731,101.8180609455345,146.13327384272617
0.038025624136452385,0.1397324441185838,0.0010670425328738256,0.14750346554792645,0.7874917158615029,0,1.3821295797275983,0.46341463468292676,7.669576655610357,102.36401339387494
0.49468144448226387,0.2654650990690408,0.0021677178946173364,0.061128299870122374,0.2742018916832032,0,0.8685846339764933,0.46341463468292676,178.9908764058756,277.16306375555087
0.08365063536150877,0.20822868911001305,0.003406501865669386,0.18969555056174078,0.7468244110495884,1,0.5848197928093466,0.5365853663170731,10.5597626237649,49.77190248454581
0.34863144548080466,0.2967546108163682,-0.006169624606226396,0.02847070720441207,0.43950844897407876,0,0.6436051796859155,0.46341463468292676,89.06863808952771,154.9344751082693
0.49097124184061364,0.12368163765579539,-0.007668692440571586,0.06747872075414225,0.27790924854769666,1,0.6893347605081903,0.5365853663170731,163.10950546951045,188.78447224455988
0.4379568260339819,0.40052432394610926,-0.0051133912127061705,0.177574849835399,0.33408109628709476,0,1.47035877451783,0.46341463468292676,264.3482623199874,424.43341099893723
0.1129945673109007,0.22749647988355556,-0.008792350906316354,0.06097795553550961,0.718094074047332,1,1.2067313467649423,0.5365853663170731,40.78988830593682,119.11017549623834
0.38792884437736536,0.1531069930890142,-0.002280608495828048,0.02165571449401589,0.39182574732041586,0,0.8814650584857282,0.46341463468292676,138.03846120590887,230.78119493047006
0.297581895858786,0.24473334278200443,-0.0024242328537740897,0.04123832163458612,0.5030225933562084,1,0.5000543799251571,0.5365853663170731,66.43163545044405,92.13265355810003
0.48412394778995027,0.2967282067037785,-0.009851591894333992,0.09344277001612018,0.2848316350468845,0,1.4883001390790103,0.46341463468292676,299.4153151172506,466.4814278304357
0.030301751815854455,0.27039786156751117,-0.004172247626898925,0.1557175221367355,0.7938828550901886,0,1.3045392897001185,0.46341463468292676,11.908430140499819,91.21079514614995
0.4187318791722562,0.15245452600179918,-0.0005745248732038424,0.050509265898964026,0.3557956601737235,0,1.459761260524281,0.46341463468292676,249.4377988737888,406.31569325031063
0.11455751565031591,0.39223832110512924,-0.0058783041014700685,0.16379569801678678,0.7165094042428041,1,1.0309770617312646,0.5365853663170731,35.71368275163201,102.50911365585502
0.3408413205020322,0.4462168328213584,-0.004385002792992164,0.10908100178888115,0.4491250186098919,1,0.9180855594659623,0.5365853663170731,143.27753090121294,187.55782803214012
0.41883796379847354,0.12118481976035277,-0.004845175219161984,0.17374095670587428,0.3556740937838584,1,1.4712707940355272,0.5365853663170731,291.1836959856476,353.7480902925342
0.16484548089320095,0.13783278262141757,0.004305083702460435,0.04759501395169414,0.6627945323925915,1,0.9342992559235074,0.5365853663170731,57.57563521029247,114.66960424950607
0.4768226393390552,0.46300584038859505,0.0051540006674611945,0.08033011342414194,0.292326149177109,0,0.9280220421161605,0.46341463468292676,183.55891558415038,287.2363587703685
0.3241176799983334,0.42053424414272156,0.004782657285585374,0.09427603428916823,0.4698893791175143,0,0.6297834599994977,0.46341463468292676,80.00148395047049,143.32318519908716
0.11659130086963591,0.10425510332186479,-0.0024215827474471097,0.04883132473976879,0.71443931476245,0,0.8462246443825889,0.46341463468292676,26.113970714389694,98.34799317494323
0.19192077298272436,0.18541300691916282,0.009995756614951305,0.1636885250470082,0.6319045640406297,1,0.7196637826131954,0.5365853663170731,54.804275338916106,97.35637420640438
0.2905017101627317,0.2963322439213899,0.0079884813902846,0.06618878664737045,0.5118706312579664,0,0.6587804109597487,0.46341463468292676,73.42240237021072,138.0392022091013
0.07187722091184799,0.3092199307909328,0.00456074724651908,0.2060022550383593,0.7577923331151039,1,0.5656959689528197,0.5365853663170731,6.640703054464425,45.05792116148521
0.19866230604176516,0.30744334990505284,-0.006211188647994394,0.0722216260676373,0.6240298542155958,1,0.6463202569383757,0.5365853663170731,51.556978494166295,89.4536211104417
0.4969092230298134,0.23453332899815094,-0.008069832799057399,0.058094407710290716,0.27199066696298724,0,0.6525227763468971,0.46341463468292676,135.14025607702746,208.99831675799263
0.29160397094283436,0.4031648810501979,0.0013960746542532338,0.0303605305824245,0.5104934952809866,0,0.6252108677873438,0.46341463468292676,70.00036930902172,131.37490930879738
0.0702181191044944,0.43588351790601554,-0.00865536120657593,0.09212905430799773,0.759311658848391,1,1.1024250907834736,0.5365853663170731,11.959930726508341,86.96101900397856
0.10707267425352367,0.3603534001206762,-0.008211436801688484,0.09927804257687091,0.7240491743877219,0,1.3265478265595378,0.46341463468292676,35.084951449212284,147.3956030564928
0.22866724744842726,0.42413890525891396,0.009730338677638369,0.049400626490544816,0.5882325858704741,0,1.0520696479603973,0.46341463468292676,87.10822874421046,185.54093583938473
0.02023594734269937,0.42116628378683996,0.0017436994853167326,0.021720638853367717,0.8019966154184562,0,0.7640453974083277,0.46341463468292676,10.538552728777226,49.29380209082401
0.43910431113983706,0.1632934518453169,0.0012109299987605442,0.1763410515693673,0.33280590338071914,1,1.441121438490749,0.5365853663170731,300.88840077306463,360.03367834634975
0.45023142939909894,0.14888345117163074,-0.004862232522509169,0.19409685699925613,0.32056921658153253,1,1.096356266921552,0.5365853663170731,235.45163894712024,279.55472756676744
0.39704091283354953,0.1028320800526217,0.005593461951051589,0.18150918722222986,0.3810238986535646,0,1.4990579411383056,0.46341463468292676,241.0842512395735,399.8060679900189
0.4523997602296992,0.3333147195322973,-0.0074825310602237155,0.047002946765629085,0.31821246224218086,1,0.6560077132452315,0.5365853663170731,141.64638118115332,167.93150145656813
0.176021038636575,0.2920187861621467,-0.008000713129528199,0.21294908288537948,0.6501946236486547,0,1.2224503069754924,0.46341463468292676,71.39109008184332,181.05570896737012
0.307342477518759,0.31155266399101944,-0.003281265475452535,0.08800871485285867,0.4908229338154252,1,0.5160245625376816,0.5365853663170731,71.25587485294346,97.40916457400614
0.13825942372822175,0.3918514240029508,0.001137432721973133,0.12588967190398354,0.6918330273258316,1,0.9690474651144108,0.5365853663170731,45.89284292740117,106.99534431899538
0.10052862907784461,0.42300475068530285,-0.0050721986196340055,0.15605653696509847,0.730538587438165,0,1.3175726848736278,0.46341463468292676,30.85189486656496,141.77177967722142
0.3233452620093456,0.2738692211796852,0.009468182036405514,0.09346877626770586,0.47085151073217657,1,1.1421064946996544,0.5365853663170731,167.51626304217433,224.06346542429776
0.4528694352846916,0.1627696121403806,0.0009684156305009555,0.06110309455595124,0.3177031921416839,1,0.6927999515052885,0.5365853663170731,149.7652283005705,177.5007422889827
0.233751180923428,0.2774945485300825,-0.0064120625874083785,0.10810971234371407,0.5820620535866551,1,0.7594263042600017,0.5365853663170731,74.87806262822782,117.4568069935362
0.30278318715411384,0.3276007243560631,0.002565613460059098,0.14348556775762028,0.4965210721993214,1,0.7409575759623933,0.5365853663170731,100.50330709047446,138.30389805316597
0.14223136480070248,0.44142970980211615,-0.006980303617650785,0.034678447421024765,0.687582884080336,1,1.4177030399058494,0.5365853663170731,70.16212439126942,159.14221209772307
0.48634984646288204,0.24501104976283902,0.009359888620376537,0.040062532564654266,0.28256996798610823,0,0.545976972694498,0.46341463468292676,110.40249758985283,171.77895861985854
0.16196644337008076,0.10338034182944351,-0.0025844004622587935,0.03636148421855713,0.6660042499094727,0,0.8176369691815399,0.46341463468292676,42.42463821341196,114.93306996449053
0.11986706155346104,0.12679727935548746,0.004671097926176664,0.0763908155338796,0.711086077927972,1,1.2212885919591825,0.5365853663170731,45.78567308922375,124.43662295931361
0.37495802127521394,0.23805137152692835,-0.009177517005790732,0.03963069542293935,0.40738407206002897,0,1.4696265738316003,0.46341463468292676,221.31151063357223,374.5424496120829
0.06606161783731618,0.2589743849630348,0.002425522819359564,0.21380566756883898,0.7630893226434301,0,0.88398993312567,0.46341463468292676,6.57970393640114,78.76901372192593
0.17011794944764952,0.18456097584430176,-0.00010394662157816106,0.14182306215251939,0.6568775521779688,0,0.7809537091669412,0.46341463468292676,43.47133187996232,113.19247597806667
0.2678102088476579,0.20300027844635782,-0.004367330248638676,0.10214254690433971,0.5401506026754704,1,0.8087595833040586,0.5365853663170731,94.52278209221963,137.8519655599432
0.3957190797178629,0.266971969123451,-0.009105427870110342,0.08934624829764769,0.3825838562101202,0,0.7285373649692802,0.46341463468292676,116.71990452021936,193.78773605641385
0.0010795928542872858,0.47074811252334536,-0.0055443269924932755,0.21455382982015322,0.8167680084404716,0,0.7693547738107642,0.46341463468292676,17.441605549758606,41.72813362999078
0.05638954162429531,0.3998015343676329,-0.006163806978689417,0.02023012040193664,0.7717206073592203,1,0.7825667584699424,0.5365853663170731,2.6830571558474055,56.71511887750377
0.3364193834534005,0.19550089095509654,0.00798996448423246,0.0889394098096245,0.4546011508644132,0,0.8051202857425065,0.46341463468292676,106.86436746802286,188.5400527775709
0.34372037129649907,0.40379626485695896,-0.005714087502897758,0.11556566239128153,0.44556613166770564,1,1.0167686797290894,0.5365853663170731,160.24889845349298,209.07459846772574
0.31114854817797827,0.3306190137893982,-0.0031862984752218694,0.035736492730554424,0.4860679221317993,0,0.563809551328332,0.46341463468292676,68.23226519576563,124.38557369282086
0.3181730808309154,0.2088076074183023,-0.0032384657362655115,0.04741978654052121,0.4772992659043749,0,1.4495360641505273,0.46341463468292676,180.1415731324034,325.25495474473524
0.20478106625600767,0.13592953460101484,-0.0015431733110654981,0.2179347141449967,0.6168252645723726,0,1.4309903173386074,0.46341463468292676,102.64180341821803,234.02567303062406
0.0010170962200579683,0.15809215291314394,-0.007628012149421505,0.17121591303088513,0.816814769426906,1,1.4297714628883504,0.5365853663170731,37.57941163897384,66.93160645371292
0.24747041857217925,0.10339521020808966,-0.0037056311376884718,0.10309668166707116,0.5652870942627072,1,1.1310088525670623,0.5365853663170731,119.8414004341256,182.11829905680926
0.46123406917845555,0.4404498299306491,-0.00019036026214731827,0.175638893579896,0.30870717161549044,0,1.071058600475573,0.46341463468292676,204.11365744221726,322.5492847217612
0.10379905817275822,0.32456860440995944,-0.009270147895100595,0.1057471894872129,0.7273075270997199,0,1.0796308725046138,0.46341463468292676,26.91656974298722,118.06367329156603
0.24407737061571208,0.4165817161633548,-0.004442427798380343,0.1469348331386851,0.5694513792025424,1,1.3013283441780734,0.5365853663170731,135.51913264404254,207.4974403895101
0.16130144924917325,0.18883427348399268,0.0024052580783168118,0.06640709778592321,0.6667434562863164,0,0.6171525391364249,0.46341463468292676,31.831938287105153,86.53128682691768
0.36080776218362515,0.10934330802845924,-0.007171893509650553,0.07180256825490043,0.4245704603892841,0,0.8350405587512257,0.46341463468292676,120.27328454323003,206.47438434561732
0.1057395514127517,0.47294373902163644,-0.0002581201168979138,0.18148712353850113,0.7253789863214215,0,0.7119444865789006,0.46341463468292676,18.38989904424734,78.59641613090471
0.16367180885918056,0.13284271491358185,0.005888721521891989,0.1335665715269589,0.6641048432543809,0,0.997712793526106,0.46341463468292676,52.55669618961394,141.15883434180304
0.39040462132096504,0.11473593321383742,-0.009864278081741314,0.053361546338238544,0.3888798621357631,1,1.2416391492549512,0.5365853663170731,226.7930123233587,282.17575482381295
0.27307948948493205,0.4480876331907174,0.001997304797171291,0.03694382374032579,0.5335999235991306,0,1.2032022158164541,0.46341463468292676,124.3849997776344,240.86784135246674
0.08486155308078115,0.45803491229099913,-0.0002803481604346774,0.027411402001702882,0.7456779134552529,0,0.9309675639639458,0.46341463468292676,15.040110451675298,92.34640025713026
0.41361927400045995,0.4163138463703514,-0.004466487231881585,0.06516932910548957,0.3616761934666882,1,1.3475082809326744,0.5365853663170731,262.9160885707622,320.73215271055363
0.33210131564741086,0.4303307311284965,0.009905185615599709,0.17677949961124895,0.4599592805116843,1,0.5464972579136944,0.5365853663170731,82.724075681527,109.43174376134841
0.04610255479165472,0.1538476914418152,0.008816125634506405,0.11776934063889521,0.7806549568301063,1,1.1096603705592734,0.5365853663170731,2.3206461208039926,75.13073374695509
0.36135824949543843,0.4548915017186159,0.0033064024771127867,0.20120513110477717,0.42389815156093597,1,0.5457456303042106,0.5365853663170731,91.17787546090747,116.6805053631188
0.26538792381313997,0.2233813936465333,-0.006847589768864024,0.04111005532606973,0.5431574355717405,0,0.8579387922575412,0.46341463468292676,85.63423056839902,168.20903469418582
0.4704805430818724,0.3920441830028054,0.009071413892820205,0.06805933015796325,0.29892907615319025,1,0.9890599946906138,0.5365853663170731,223.15538169461257,261.47683328294875
0.15041081032269207,0.3418423836314317,0.007639126953500849,0.18689326314576588,0.6787309669849281,1,1.0515448039171962,0.5365853663170731,56.65615245728945,122.0255009109235
0.2741051534070192,0.3180705241011784,-0.008449640068434943,0.1502377808514227,0.5323234161790833,1,1.2969546782769983,0.5365853663170731,155.9608049400298,224.84758876775203
0.15991049500178103,0.34454220582011263,-0.007909559019799138,0.036128317367345245,0.6682869867504502,1,1.4529593898695703,0.5365853663170731,85.69026072466627,175.00362154527025
0.33917361071294805,0.4350555076892747,-0.007331464326629166,0.13053890320963177,0.4511889370862905,1,1.2404632199278396,0.5365853663170731,192.47812264889328,252.45842691325046
0.12427502620232991,0.49489423483372397,-0.0069751195316087086,0.1598541082347995,0.7065371791393549,0,0.5177480094217454,0.46341463468292676,17.820955931709936,62.307191750957536
0.03577966989752821,0.4133455104722388,-0.0015621024330901463,0.19040746257193736,0.7893649340685271,0,0.9265514544334967,0.46341463468292676,6.10588984220224,67.50611490257214
0.22718068618661755,0.13204100599141838,0.009651310816244834,0.06908760723149758,0.5900317349375162,1,0.842499355479376,0.5365853663170731,80.098573389752,127.74002005550342
0.079827531976545,0.4396194582523869,0.0024228019232036546,0.03847364353876265,0.7504216472868056,1,1.0270189114506445,0.5365853663170731,16.43745531370411,85.58632300340732
0.1408858998403353,0.39941182560260036,0.002449487984389759,0.21362929844932133,0.689026171853677,1,0.8559592810254355,0.5365853663170731,41.74345975846648,95.55077822380217
0.475959181541558,0.4705095892634753,-0.00400679491181243,0.1601413635072025,0.29322007362884184,1,1.1209330664113784,0.5365853663170731,256.2043439698555,299.1859055147205
0.11430213698851975,0.3730508682658201,-0.005034766995829888,0.08151236484828982,0.7167686997880532,1,1.2540961698415205,0.5365853663170731,43.27081471098985,124.54522657147807
0.15362823994533542,0.16034449714252005,-0.00552028301894678,0.04551487033512204,0.6752130408947861,0,0.7857538281407923,0.46341463468292676,37.73413269174725,106.93575428712508
0.3034511617400922,0.31204157090375273,-0.008222100230968605,0.13689995420952325,0.4956861548662855,0,1.0156556053625678,0.46341463468292676,119.29177499258117,219.87520822036925
0.44194541030654005,0.4197681916504019,0.005795750802287716,0.15662384847953165,0.3296591546295957,0,0.7053364506947513,0.46341463468292676,128.11254421815903,205.11182291367757
0.2723656093107376,0.37316211456114523,4.8860185802383424E-05,0.176355489025058,0.5344881366565499,1,0.7907632045870476,0.5365853663170731,94.35238836897946,136.45383955707743
0.3924031967261821,0.24915137838067086,0.00862101579952101,0.021938533876993942,0.3865076856055854,1,0.509430935610752,0.5365853663170731,93.59700444706031,116.2454389791921
0.4202860702854982,0.2593954200667308,0.009490306395799996,0.10262354390817861,0.35401652012832147,0,0.9197537817152933,0.46341463468292676,157.8260552015278,256.77492110457314
0.05810352324419819,0.1843061063831235,-0.0030996792079413683,0.07769551417683042,0.7702073500065177,0,1.2931575261955883,0.46341463468292676,4.856183160910258,109.70635945195288
0.31222129092189543,0.283389644037648,-0.0031057309327208113,0.11116315240560247,0.48472813814473215,1,1.103707712424783,0.5365853663170731,155.29620855740066,210.8405983820308
0.17289845327516015,0.3886171359050168,0.005250505225383912,0.15527951507609314,0.6537372729152778,1,1.471765466486926,0.5365853663170731,97.05632659920747,186.1270209937134
0.2874035508313233,0.16313767939020773,0.006441918600556403,0.1635612712723954,0.5157403586150813,1,0.9371658910238956,0.5365853663170731,119.38300560153331,168.24796285888632
0.1350007614283826,0.42610888812975445,-0.009133626399158327,0.020077344104683655,0.695295862768884,1,1.2576584959205512,0.5365853663170731,57.36201114570254,136.96252130220518
0.2466499371205689,0.162970787874875,-0.0014295165573384224,0.14325776560383746,0.5662949386086217,0,0.7832147834278712,0.46341463468292676,71.37472253012797,145.68365398596939
0.2769384536784787,0.3345349346448364,-0.006792723767828534,0.0648326044924709,0.528795035375282,0,0.6297123646967636,0.46341463468292676,66.22470875530401,127.36540743952142
0.3683600720802136,0.18479602340832169,-0.0001044953195864784,0.03504296586617966,0.4153722143937852,0,0.7389445645916017,0.46341463468292676,109.01849895761299,185.70797176011894
0.2853356072610876,0.3091680438300446,0.0008279988965149958,0.13981055825939895,0.5183222831077114,0,0.9822747625793679,0.46341463468292676,107.12488615399701,203.10048094291778
0.22771452075229703,0.2205579093287503,-0.0029111788202594866,0.1726354100334623,0.5893859224681615,1,1.4958159360083827,0.5365853663170731,142.63952862148926,227.16613268625048
0.030054373680639256,0.2336004356544467,0.007049940646183651,0.11947698903245711,0.7940851774880983,1,0.7428211454501474,0.5365853663170731,7.95006648891228,44.769161851250985
0.24682166694981122,0.3646928473676988,-0.009581396113886217,0.040100289313169335,0.5660840381089202,0,1.2239862185548926,0.46341463468292676,111.63983303979953,227.78313865372135
0.46258594559626,0.31941737840856305,0.0006656275739267588,0.08751887075021811,0.3072665400507397,1,0.919218952962765,0.5365853663170731,203.5036601806122,239.65008789178074
0.00861801836109628,0.4548496909229317,0.008452573194379255,0.048322808643953316,0.8110595982642542,1,0.7712024460878235,0.5365853663170731,17.124523922239256,38.818613315730246
0.23049298614752153,0.42236910104861913,-0.008031042682952733,0.1319348013363475,0.586019712288952,0,0.6128298403289308,0.46341463468292676,51.25898224823724,108.6778341955558
0.28891494208430635,0.35691128068459743,0.003532227935982974,0.17188752643386251,0.5138527763084658,1,0.9814142056188613,0.5365853663170731,125.81559518463959,176.879178599719
0.24927567236557402,0.3081879002080242,-0.008459442387548947,0.029707621768912125,0.563067707818514,1,0.5399197279661521,0.5365853663170731,57.7327578524367,87.39111440449904
0.21279134820811046,0.4284638721162751,0.000605143006241482,0.08546705703505644,0.6073158157632015,1,1.4296090099632783,0.5365853663170731,124.87842740376301,207.22481108791288
0.1778854509712595,0.4719473490360879,-0.009142545787218282,0.19752213244211028,0.648071441917921,1,0.7865642985732129,0.5365853663170731,53.97519177589323,101.29074920874058
0.2704137199420546,0.46899293138133036,-0.009346852767908411,0.05471141952775019,0.53691555387372,1,1.2252931924188943,0.5365853663170731,144.91637749920218,210.32787244936995
0.28907836079088894,0.4426679927588757,-0.0030531598595218545,0.12451810243749903,0.5136486574259378,1,1.2733188689562114,0.5365853663170731,163.34892050672067,229.58525703027416
0.04653796718760299,0.43824031163856403,0.0003736938398208895,0.028530295364805634,0.7802819446576599,0,1.0320912359897472,0.46341463468292676,1.6558424595586345,81.1534666707909
0.11616936075322766,0.3272762862161157,-0.009291934482423558,0.1314598891285527,0.7148695321817501,0,0.9311121075558998,0.46341463468292676,28.551482130248022,108.00278037392133
0.4359134849793806,0.3534954744640252,-0.005558820355478124,0.024900943955826083,0.3363578557140186,0,0.5053786253581656,0.46341463468292676,90.38088069916644,145.3283619935798
0.4374905056029048,0.11774820760718929,0.009154478096940777,0.04942643315970266,0.3346000104680271,0,1.3465860829905543,0.46341463468292676,241.80480809903463,388.3682718276664
0.4023723864938935,0.17316605731526674,0.006948519496688862,0.14775844714034275,0.37475714662823956,0,0.5802223850415192,0.46341463468292676,94.74713629924182,156.40803628141416
0.42247959269326163,0.3096752074592166,-0.004746100648653741,0.1680671962481305,0.35151238428221865,1,1.371046293466839,0.5365853663170731,274.02704484619517,331.9641574853297
0.30812882599799374,0.498901634290303,-0.0038302256324469234,0.10558710957206187,0.48984036606063286,0,0.69385541518864,0.46341463468292676,82.99945353427266,151.95152941615544
0.24904289620418235,0.1501132099191254,0.004126595032460333,0.16859096805965107,0.5633540275935764,1,1.2686670547205336,0.5365853663170731,135.49808859479933,205.2089080599427
0.4477596555127574,0.3243843148576023,-0.005638101536612074,0.20333123651488277,0.3232669832454004,1,0.5202733739373616,0.5365853663170731,111.04299218798049,132.0661100515289
0.4592536049705248,0.17519092041775164,-0.0014481210296266346,0.025386137871717167,0.310824390000071,0,1.1281422356274642,0.46341463468292676,213.95681147093197,338.5411574241824
0.14208436926923895,0.48374560586351234,-0.00946264430855524,0.10807536889243656,0.6877407448158769,0,0.7436958091536983,0.46341463468292676,31.7359129823029,96.60528964771878
0.359598308969102,0.35969407458775404,-0.004825532815803556,0.024089090136852623,0.42604853999953396,1,1.2415584026563717,0.5365853663170731,206.25503439455431,264.4327974086821
0.4479186977017292,0.15643848928457058,-0.0038668203884115538,0.09766997948180418,0.3230930430272576,0,0.7830373334153728,0.46341463468292676,144.3931397604876,230.2170122451315
0.4118398993331193,0.11784001775916667,0.008988797487220165,0.033793581916854526,0.36373270096784477,1,1.469016040660914,0.5365853663170731,285.2212089773668,348.44193684769897
0.20050242925086173,0.4523579079435942,0.003955008841098754,0.2086582724697228,0.6218687861442984,1,0.6133806282251052,0.5365853663170731,49.535025439671855,85.41768303419727
0.1512889979180363,0.37178478682031146,-0.005721658922602264,0.1467215823413439,0.6777727494779934,1,1.254113826786221,0.5365853663170731,68.16132984879984,146.04280788705483
0.44810536594507533,0.4837486255838297,-0.006473546138253784,0.02655489703945578,0.3228889513497802,0,0.8276434537617692,0.46341463468292676,152.69016360620466,243.41434117402693
0.3192903959747825,0.14837398717569839,-0.009546603709248177,0.02786687843867898,0.4759056812253261,0,0.6463234360079856,0.46341463468292676,80.65671195185723,145.4131366120148
0.18570446743895508,0.1309711640844919,-0.0007902212025552163,0.07671188247236978,0.6391040681690547,0,0.7378396486108376,0.46341463468292676,46.40084383010559,113.114386349264
0.03857704416782458,0.32438916686195374,-0.0036361648112703884,0.037403497648147634,0.7870299535288231,1,1.3917131083513206,0.5365853663170731,8.530353716895075,89.37390939389165
0.37737099285115067,0.1370967706838142,0.0018651879913477165,0.1773168169508301,0.4044746327368067,1,0.5515016308294152,0.5365853663170731,96.8781464680674,122.00357890953953
0.01809671219349686,0.409246872509479,0.00854938133552176,0.13441158964969757,0.8036896621720053,1,1.2623957068484257,0.5365853663170731,21.610746807642972,69.08806985417307
0.4519784850776095,0.3700322510069386,0.00524848133104317,0.06412165546981695,0.31866962227916756,1,0.7511550398781686,0.5365853663170731,162.02096671919614,192.14163391607534
0.17502424967243535,0.4013712455990591,0.008623381219163248,0.0700582954148102,0.6513273296634904,1,0.6433851840642212,0.5365853663170731,43.16225607473504,81.99961022177743
0.47287849847827035,0.4432523734603321,0.006381132871090033,0.15010743936994458,0.2964224457945564,0,1.085246821672305,0.46341463468292676,212.67374127344627,333.60293949358726
0.12637515371962224,0.2717641659880822,0.007676776124945274,0.18323627911658785,0.7043552397272225,0,1.3295354898225216,0.46341463468292676,47.05673348880087,161.49813689835227
0.35575073205668045,0.3132079492384605,-0.003295689790181671,0.14666143631872788,0.43075935929480397,0,0.5083806146906599,0.46341463468292676,72.03212586381521,124.3240589193651
0.43320460544582673,0.32230707715372886,-0.006536057636391399,0.15222411644282943,0.33938792269526963,1,1.3596001993210987,0.5365853663170731,279.56368987041685,335.95016232303533
0.26814630384004967,0.3648361354436894,-0.0019061302728513863,0.022529865690753735,0.5397331649125987,1,1.1868298336336527,0.5365853663170731,138.92331506813073,202.4783733157479
0.46076037569938244,0.1433649692886346,-0.00819127145139094,0.06108844829773924,0.30921284813526767,0,1.231766760690029,0.46341463468292676,234.46972150334256,370.6334584822481
0.20221344088307278,0.45143410412195795,0.0030241332543194926,0.1944470774077098,0.6198549940503132,0,0.7977233279020168,0.46341463468292676,56.269757129558684,129.36145498174136
0.30849214774020584,0.33838142018689843,0.002770940704630194,0.02816604728259428,0.4893864098929711,0,1.012506357167152,0.46341463468292676,121.28716878507758,221.9321881116308
0.4947083073177879,0.35834381014962857,-0.008413044278702254,0.17907445538745934,0.27417516192906033,1,1.1888792285178225,0.5365853663170731,283.6950813432446,327.65099280271795
0.4017660335645853,0.29165812795593316,0.004329153995182902,0.05734107168267531,0.37546780151609405,0,0.8893244813146649,0.46341463468292676,144.97192118090842,239.44199941678033
0.2139324700524716,0.1979116332241854,0.005799614254291921,0.07965901131725824,0.6059542931884069,0,1.1402220770903966,0.46341463468292676,86.62119543224897,192.07219804026087
0.394442597587799,0.3087961821857822,-0.0007603534174898414,0.06378770368350098,0.3840925929667278,1,0.6189055718103915,0.5365853663170731,114.38789624392449,141.8110313987341
0.48590954602039865,0.4064585804503684,0.008386166243993754,0.1746223754783265,0.28301647927190526,0,1.1126230068563592,0.46341463468292676,224.75748334320937,349.79808985652693
0.20503498227569972,0.10443545654622627,0.008642082735263781,0.11030045256498291,0.6165251524857603,0,0.9783501361861593,0.46341463468292676,70.29003482377728,160.1337159842911
0.34276501431258627,0.4738995851827318,0.002017896292739501,0.07578277877335567,0.4467464787321708,1,1.2958007910269316,0.5365853663170731,203.5617810755039,265.87731339072513
0.3712675899133401,0.4394265290067655,-0.006217612892490632,0.19167814307458614,0.41184633324315567,1,1.1251808081870809,0.5365853663170731,193.96709241596014,245.73082185500888
0.2882168792598959,0.34694618277575173,-0.0059893716108004435,0.05275395018642487,0.5147246420094649,1,1.2011832882190046,0.5365853663170731,153.53968197286508,216.09933939021576
0.206796740510872,0.41885975502378303,0.006634259501767466,0.21367643594447358,0.6144404350685329,1,1.4620545520270496,0.5365853663170731,123.00972060751215,207.8662887972229
0.4233963968806883,0.4431506303805628,-0.009644100488929126,0.06674526436568483,0.3504681627628718,0,0.7777424921643652,0.46341463468292676,134.57850360042374,218.42652656685118
0.4700123122753633,0.4444350057954132,-0.007932896668991492,0.150695604966346,0.299419943781778,0,1.2149623207351947,0.46341463468292676,236.48008660379904,371.6086971633576
0.457360581009351,0.3920755827296877,-0.005414321755717658,0.0804078392779491,0.31285555960179495,1,0.8386838279378991,0.5365853663170731,183.32263653643244,216.62284873044226
0.1438662559463951,0.3926290869212845,0.006672724120632153,0.11458277509295511,0.685824220567746,1,1.1864410716511502,0.5365853663170731,59.75778513776233,134.08111934999937
0.15526585707220522,0.40767273581944063,-0.004561269047931428,0.04633947442580921,0.6734148207326884,1,0.6174840257118848,0.5365853663170731,34.878040866440415,73.04461436556656
0.3123321967722532,0.16852975192876987,0.007914847721306071,0.16208246783450359,0.4845896363409903,0,1.03662757740199,0.46341463468292676,126.02134167461931,229.35532603764352
0.2551458630501972,0.138870501163821,0.0027281826793813056,0.06937377518479422,0.5558338426519698,1,1.2954187401549047,0.5365853663170731,142.59745134584736,213.19974425486234
0.33317149166631116,0.3409716251497025,-2.255361993916058E-05,0.17785185515780552,0.4586304272174465,1,1.3399672572687116,0.5365853663170731,203.60223418914381,268.98235818679734
0.3804062231818243,0.1736635078087745,0.0011812056373717295,0.09694101858741652,0.4008244404298,1,0.949641917110254,0.5365853663170731,168.36310215920975,211.41619122047658
0.26089032635134196,0.4325674475787987,0.002589858208126324,0.11787170835671561,0.5487319020054082,1,1.4268903820435006,0.5365853663170731,161.46786168599553,238.63579920580642
0.29581342860861376,0.23341661045952544,-0.004198864630516089,0.14800077652931248,0.5052330231548252,1,1.1374452419753398,0.5365853663170731,150.02890074565033,208.63672956052082
0.11302249977040221,0.1788908288250169,0.005548815715847918,0.178189176096669,0.7180658006524984,1,0.570639144662134,0.5365853663170731,19.2972760653473,56.332208826415766
0.17121904817000919,0.40922569144015464,0.0028837746162357607,0.062075102982146246,0.6556356025705748,0,1.3643858879173107,0.46341463468292676,76.64394191139573,198.56204177376893
0.16285362311771773,0.23467284167868685,0.007277038943617158,0.17122737910190008,0.665016791586129,0,1.1643722675109154,0.46341463468292676,60.89436475054798,164.22703207496338
0.3787551670701966,0.1027664894250997,0.009770221467954211,0.09774853449209991,0.402808676619252,1,1.0080958537329434,0.5365853663170731,177.83336254305692,223.65831388992873
0.07462769657123261,0.1835262202115386,-0.008505677477692104,0.1842628947106483,0.7552592382405536,0,0.991907394254537,0.46341463468292676,11.320475435468692,92.94436762301058
0.29687960622686876,0.4126477984304763,0.0006953489364568827,0.16005581780339395,0.5039004130963898,0,1.4251528982655857,0.46341463468292676,163.04835483271685,303.5002597864506
0.13949151343642338,0.4941216718378112,-0.00641314887274669,0.0839923053160274,0.6905180693156406,0,1.0716989667023062,0.46341463468292676,44.44515339513033,137.72150631699319
0.441933493568531,0.2704819285173351,-0.0046816077803641595,0.16301411804883464,0.3296723218051789,1,0.8686388304311032,0.5365853663170731,182.67976435589551,218.14987891529898
0.20110160401142277,0.4155718849578741,-0.0006293066919917725,0.024498794676968267,0.6211640556419401,1,1.3978652399489029,0.5365853663170731,113.33738933832166,195.05097182612255
0.1945305206787449,0.3277890418785573,-0.006136345936048938,0.03499895062996026,0.6288642221337406,0,0.5002339128405945,0.46341463468292676,33.504446131387866,79.05735128246305
0.027928903246265326,0.23163380014320548,0.004638960675633961,0.16159657756872314,0.7958174670680721,1,0.7074032436159454,0.5365853663170731,8.377796093639597,41.937782910845904
0.034390572940181274,0.42366740681401804,-0.0004294538546490735,0.18120477279704286,0.7905174245960096,1,0.7720281147733461,0.5365853663170731,6.466345469122312,48.08079782352996
0.05312194165453405,0.42351860605344116,-0.004692231879891936,0.0658898081657895,0.774586054149938,0,1.296620848959601,0.46341463468292676,1.8758906883082511,106.53424973770427
0.33889255781606425,0.12649311256897317,-0.006168879911382161,0.18329189630378592,0.4515369289491974,0,0.99410571227507,0.46341463468292676,133.0879293544775,234.1151991219641
0.12248338671516784,0.494463941266045,0.0077984397103071385,0.15800520009268318,0.7083911506204541,1,0.94179681383157,0.5365853663170731,36.629797558694904,97.10118892819732
0.003543851200278779,0.31358863088003763,0.006560183612890626,0.06677072104381897,0.8149168264805228,0,0.6686988045315718,0.46341463468292676,14.39605494702943,37.15298262901461
0.10823505469981351,0.496002943253146,-0.00333155875715034,0.14522928077971062,0.7228864340956772,1,1.2816379488360314,0.5365853663170731,40.04872279624871,123.67700034567248
0.4227728561604269,0.47111771887685994,-0.004343656839031567,0.069841985967868,0.35117820797171956,0,1.0623728244390214,0.46341463468292676,183.52320239283523,298.0086061962001
0.4457617031623431,0.3161568117403224,-0.0024385461827919567,0.16238634218572934,0.3254562448587532,1,1.1057804690700865,0.5365853663170731,234.82347236822415,279.6673170457853
0.05799893176089922,0.33544212870087575,0.006476287449000537,0.09298636663378514,0.7702998941082413,1,1.185490408300185,0.5365853663170731,5.088254915181241,86.80044245857046
0.4977977178049263,0.2749516901443487,-0.00801687638182979,0.21240659540165524,0.2711118965372293,1,0.5129285883218648,0.5365853663170731,123.2473544343321,142.09568889250323
0.09515653881018821,0.4432535769153636,-0.0007736998753499705,0.10029010662822524,0.7357932650850679,1,1.155155485335344,0.5365853663170731,27.989807758749645,104.47040915912304
0.22040803531203793,0.3428419309867741,-0.002011578777810363,0.09357039799614363,0.5981973872290471,1,1.3342686019997432,0.5365853663170731,122.00346359309697,198.11456676677
0.26096094714522405,0.2799745959136517,-0.007688714078482573,0.10958761109485647,0.5486444630600615,1,0.6567525314897078,0.5365853663170731,74.34343893806012,109.85800721512791
0.13060728536481378,0.30384307587698245,-0.007990555082443429,0.1791211648467561,0.6999297949925593,0,0.9858511516292818,0.46341463468292676,36.826071189607184,121.98970896879301
0.14358847641553193,0.17346439085596446,0.006999005534220023,0.1351382038905929,0.6861234081894328,1,0.686626295646013,0.5365853663170731,34.48114137806506,77.50806848936526
0.15524058889376027,0.4667030738511603,0.004024206574086196,0.02016595358036736,0.673442605935195,1,1.2646431078969702,0.5365853663170731,71.41510443097594,149.58479937239323
0.49853992159410376,0.26975732453621803,0.003503635857954452,0.21016146230984548,0.27037918441967373,1,0.7812453900842207,0.5365853663170731,188.03010777972838,216.69572017375617
0.2570474607669969,0.49343675393305564,-0.0005265291736119091,0.03300074179330875,0.5534852567856029,1,1.1748233869088922,0.5365853663170731,130.52127768349666,194.38747384865056
0.3029223544536728,0.24433710414186915,0.008581970137814978,0.14326404458063843,0.49634712192465064,0,1.0679504841416843,0.46341463468292676,125.17225543498596,230.89328555512523
0.39608048526387685,0.3197883137593923,-0.00692721764413976,0.0859959506550785,0.38215710261947955,1,0.8113214607868909,0.5365853663170731,150.66379395428316,186.51546653228965
0.22355414378622274,0.2657415869486246,-0.0057711856699414485,0.14245867034534862,0.5944106657029808,0,0.9199015420954215,0.46341463468292676,73.98540900308048,159.708171256068
0.4223992563422766,0.2701161811920424,-0.0047173054491716,0.06898514684708097,0.3516039536722504,0,1.0029723362545355,0.46341463468292676,173.08821705183817,281.14497671903536
0.25534365524321034,0.2505106941566387,0.0054616406259414,0.15865363585699982,0.5555896719528101,1,0.8337318344664443,0.5365853663170731,91.86424233307561,137.29182994775056
0.19225477249932232,0.40884472872542443,0.004092729377603499,0.17626413000573596,0.6315160351272641,0,1.05805664395823,0.46341463468292676,69.7502082850516,165.92405551629545
0.3104137791369175,0.30861707004188427,-0.005901622546790924,0.06071589998934228,0.4869857162738563,1,0.9542639304205142,0.5365853663170731,133.34332892313088,181.49312795462157
0.22635517861990034,0.20489312992659078,-0.008660267320769032,0.1128133266478839,0.591029790453859,0,0.7633118742440417,0.46341463468292676,62.38209852528012,133.6692005335335
0.18569724433389365,0.3659855117397316,0.005220923924455849,0.21293971443220028,0.63911239817522,0,0.7233747580197523,0.46341463468292676,45.48876259890468,110.89404500404957
0.3183557869951966,0.2522228345983768,-0.00437052679917334,0.04716787952332194,0.47707135870491524,1,1.4772638808830008,0.5365853663170731,212.71977700777575,286.4003893780225
0.4154863508490316,0.30272169904910107,-0.008748025148523984,0.05908335996749037,0.3595237608320741,1,0.7102918514098469,0.5365853663170731,139.29862182300886,169.677300705938
0.020673117144346758,0.12368634195238648,-0.005520580911785635,0.06693636644954624,0.8016492777249508,0,1.1308311748461943,0.46341463468292676,15.368568663904123,73.2229341296861
0.11460077302278987,0.3824381589342086,-0.008840460935067601,0.07137621278473001,0.7164654692026187,0,1.1203626168986607,0.46341463468292676,33.54023250791639,129.01158622099675
0.4083110389338392,0.477436109062953,-0.009737698873382853,0.04634289517362737,0.36782587856730575,0,1.2017284779351805,0.46341463468292676,199.54290290083932,327.7741636962132
0.03387005116505085,0.46937808504764833,0.009682319685668834,0.21846686059537665,0.7909480897820254,0,1.426995771903077,0.46341463468292676,10.666585548478215,102.50497389587242
0.13432491670098384,0.10175515655509902,0.002434753110834749,0.0986153893352558,0.6960113106473192,0,0.5318045294991716,0.46341463468292676,20.7815385697518,66.86661324225985
0.3650083699566351,0.3148300967248297,-0.003399034912418125,0.023253948410625547,0.41944750425007277,1,0.5591501384317643,0.5365853663170731,94.51252253784817,120.49220461683588
0.4394791668464798,0.18939868271788524,-0.0018497994411037309,0.2014339332196088,0.3323898575756394,0,1.0350941030937686,0.46341463468292676,186.82449262443623,299.6355483731467
0.031851161984657476,0.1197934744971774,-0.009712987523392303,0.12543260243974283,0.7926122965877617,1,1.2627621892666268,0.5365853663170731,12.297284433737108,77.15698961398445
0.12117376463542402,0.19594198805091065,0.009472122639171835,0.13434167125930158,0.7097419661635801,1,0.8586153333813955,0.5365853663170731,32.79120696270941,88.00391521676673
0.4319020586236855,0.274495719081953,0.009211034252872242,0.02347998747764155,0.3408496259846014,1,1.0014001179958694,0.5365853663170731,205.2099724823421,246.83631441394627
0.057722366907504555,0.3732267207807055,-0.008267893240911837,0.16842766055298394,0.7705444767646891,1,0.9665238994483482,0.5365853663170731,4.004993854216627,70.64405614349313
0.04258231843941953,0.3306423825354513,-0.006224364627257159,0.04401975711063471,0.7836539642839537,0,0.692214602228354,0.46341463468292676,2.379461522934741,52.959667814198
0.4329569672387824,0.34295481268454103,-0.005901049811346946,0.12889132987190566,0.3396655849645237,0,0.9699772822065174,0.46341463468292676,172.13979550181156,277.39110493081984
0.22228069287830995,0.24257684896820078,-0.0002466157871515561,0.19774163604608813,0.5959447982116217,1,1.4727541832126465,0.5365853663170731,136.14625486667092,219.95523230440634
0.4448848643549182,0.2787833261204806,-0.009696915671088229,0.17366863531697013,0.3264194621496093,0,0.656698944120062,0.46341463468292676,120.1729024793062,192.00382741666243
0.39251235471689716,0.47109811435039073,0.008965151803086118,0.1931970067942501,0.386378276186866,0,0.9358221364374375,0.46341463468292676,148.53859108419442,247.31432190600265
0.22580478537166715,0.41392974532857996,-0.006856342152159821,0.08238674682676175,0.5916948110438679,0,1.24680330080297,0.46341463468292676,101.57770127051121,217.96874612382518
0.23647164401433973,0.40224168128438376,0.009957803655396126,0.08390314943338892,0.5787494285837586,0,0.6092947591605107,0.46341463468292676,52.65140769924894,110.00558537022079
0.4267150612672395,0.33957445092479444,0.003417666961167784,0.20840870689060945,0.3467002905575388,0,1.4126910967345774,0.46341463468292676,246.62093316612078,399.2654851251542
0.17587780448416146,0.1694510208766214,-0.006092101836619946,0.0916415367422819,0.650357493128751,0,1.0884873208536243,0.46341463468292676,63.495402244255736,161.1309469191322
0.33923580769413886,0.20267596771133878,-0.00838221549912459,0.21456081008285321,0.45111193295702257,0,1.1339712578961492,0.46341463468292676,151.9930919055309,267.2628580255904
0.28838722304831593,0.2321945273001653,0.009859036300265715,0.12682681477946547,0.5145118942841896,0,1.4584051430963005,0.46341463468292676,161.11311947191956,303.93586114348335
0.22441371470895302,0.10690561347031297,-0.0016634711863768616,0.020454229861709396,0.5933740914260502,0,0.5397922047599183,0.46341463468292676,43.6291734275704,93.96467978350408
0.4619707497591017,0.21094969683836667,0.008631891737986305,0.18049371471651537,0.30792166181896186,1,1.0336013727512217,0.5365853663170731,228.48531031088586,269.17612240262326
0.47686302521119966,0.4847151936892026,-0.008002920764499773,0.04617701460894989,0.2922843774847438,0,0.6492105201581542,0.46341463468292676,128.42330175941473,200.954194493244
0.17335584837633924,0.4668003830904143,0.005889433452808035,0.21945353800405448,0.6532194001909329,0,1.2550069204322094,0.46341463468292676,71.74235189706391,184.08284352236387
0.20395473027785996,0.3711726132180414,-0.0044668864712430565,0.07356376676520508,0.6178013222728598,1,0.9382935289471845,0.5365853663170731,77.51229269502906,132.1652772761141
0.17796826720143122,0.41142738699513837,0.008058563591008336,0.2176222946297481,0.6479769946327898,1,0.8508325872713851,0.5365853663170731,58.42318495718448,109.59962767782505
0.08516773841584462,0.1597178552577821,0.00509060231740149,0.12220482121324391,0.7453874757219857,0,1.4604209479691557,0.46341463468292676,23.80083748191941,145.10494057569002
0.20162450042628893,0.45723914129530974,0.0024609679134846504,0.03352698049206612,0.6205486230175937,1,0.6924398281576297,0.5365853663170731,56.33654996164577,96.7873054549907
0.002501729644137309,0.3489419072163021,-0.00795768534669545,0.134416136739038,0.8157014396116725,0,0.5603593495024178,0.46341463468292676,12.334290202157973,30.820284262295633
0.26732486987827575,0.3619755641845873,0.00032064077924966877,0.13376901721291665,0.5407533053640071,0,0.9548332926141253,0.46341463468292676,96.16271719386818,188.19873954908036
0.07138679994800445,0.1787703128898378,0.001955790320390737,0.14192417277112798,0.7582421155189518,1,1.0195986067501823,0.5365853663170731,11.700754435867724,80.9797342215762
0.2431217919770264,0.11597662270813092,-0.006472475601580215,0.0949907232238868,0.5706224155471928,1,1.399751475034166,0.5365853663170731,145.05110475902384,222.57120597957447
0.10009196568284741,0.3614429123054459,-0.00990679080593716,0.04901826614002617,0.7309681612715153,0,0.5561004425660243,0.46341463468292676,12.908954195909104,59.706513958415904
0.2080153947267753,0.4203249787540757,-0.0029813384977082436,0.07278196635319943,0.6129959156949808,0,0.8798729681316171,0.46341463468292676,64.43014673328625,145.42237134107882
0.47108951000081817,0.19539923076303642,0.0027137147415027558,0.021012408268178073,0.298291359615164,1,0.6854788172922464,0.5365853663170731,154.884260240342,181.4128163011242
0.22900701930234535,0.11010355186187828,-0.004790491980868621,0.022163338010275428,0.5878210350638369,1,0.8325567563681662,0.5365853663170731,79.96919699259787,126.93715400578647
0.09856353378787801,0.4702958050976954,0.00037519750668443645,0.11803986237293104,0.732468364968893,0,1.3146090292439838,0.46341463468292676,29.58534491672632,140.06671002371428
0.21187687768222618,0.3045486317037366,-0.003310683832182867,0.18989082860289647,0.6084057088849181,0,0.5270058172880699,0.46341463468292676,39.53392853934414,88.19366903267968
0.17285551604482136,0.19874257636197964,0.004534856208849166,0.12158093902356036,0.6537858687098963,0,0.7733505918985935,0.46341463468292676,44.029203343033004,113.22647418904897
0.18494578738927178,0.31627619313834054,0.0008812912790483289,0.07779966342160463,0.6399785536623167,1,0.5886616087931495,0.5365853663170731,42.62494868796843,77.7316161867706
0.06713732032437685,0.39767402349862924,0.0048433978552200815,0.13460249587642145,0.7621155981053338,1,1.0738004881766627,0.5365853663170731,9.874277678474712,83.17001423342136
0.386855259950671,0.4328692799121464,-0.0056219255624441085,0.045973072660143055,0.393105654337579,1,0.9930240979851336,0.5365853663170731,179.49069758451176,224.04197787046593
0.07780394916320403,0.22048797147371246,0.00036850529274367987,0.04137096106138591,0.7523118159501,0,0.8000587356742745,0.46341463468292676,10.308562350254075,76.33120140754521
0.2514559974667877,0.3134930362056443,-0.00775393986969904,0.12662311655777653,0.5603838443628424,0,1.2809697314076915,0.46341463468292676,119.58833341516565,241.5731432434604
0.10060049737831601,0.48987812455272217,0.006544709855944247,0.10926704334526652,0.7304678444994926,1,0.8729832285889346,0.5365853663170731,23.702792277290634,81.15357375541963
0.13822083181618752,0.33691836625194105,-0.004210417705686026,0.15503783277004857,0.6918741647984815,0,1.0210404011984544,0.46341463468292676,41.74301557812832,130.51531843561764
0.18901966590854324,0.3031356354258655,0.0014400102437660146,0.13489233994618632,0.6352720665264681,1,0.5743169822144867,0.5365853663170731,42.84170271620297,76.92168636647932
0.0910717559005468,0.110255719726093,-0.005714326470957289,0.1311599315475486,0.7397445394644401,1,1.3499459623591723,0.5365853663170731,29.750788391273925,119.53156969943404
0.019948448296612336,0.3519467544983824,0.002627252914303567,0.15286750434565707,0.8022247877565365,1,0.9900239042425639,0.5365853663170731,15.964356111606234,55.03133630395746
0.34176507328719136,0.2566672916322329,0.001450190502894199,0.18786330368735982,0.4479825526947148,0,1.4599399771354813,0.46341463468292676,197.39586349814525,346.07099482152506
0.21583282072834337,0.19157845996859413,0.0075833246938806585,0.16105353417855386,0.6036832552092213,1,0.8637191976251636,0.5365853663170731,76.85672686898236,126.41528132627644
0.4793269415289755,0.3161209977306989,-0.007502546737670222,0.07577593411122259,0.28974255663266574,1,0.6455784757368166,0.5365853663170731,148.72227122869947,173.31753820339978
0.4452677794942948,0.3451807265380308,-0.009618850340889232,0.20746890946639185,0.3259986447601096,1,1.056734052280306,0.5365853663170731,224.1279097530425,267.0209161684649
0.005425821060978725,0.3632465876002082,-0.005269104659216993,0.15207491446848723,0.8134933557515445,0,1.0572053527260223,0.46341463468292676,21.837979312757145,59.80605680620511
0.36757259064706627,0.4997963948174363,0.0038901837048540763,0.1520571249034522,0.4163286844916613,0,1.0305465411071415,0.46341463468292676,151.66325290716122,258.55651077004035
0.42526599342248683,0.234046976703241,0.005009557406888137,0.021916907728610983,0.3483431716637548,0,0.6845589662830154,0.46341463468292676,119.04737355810926,192.94297543096468
0.1927289255860862,0.30259599303947576,-0.008375139729294526,0.03723560151515324,0.6309641778289399,0,1.4084218763319878,0.46341463468292676,93.156787484336,221.22653875129186
0.4509859855524199,0.32138081687566866,0.005859891751715864,0.13940072063328732,0.31974804446752647,0,1.2464949836705324,0.46341463468292676,231.62715565240086,368.52750878768785
0.02244654927516661,0.3570485870619531,-0.0015837200133054143,0.16960036750398594,0.8002355586723181,1,1.4097226424653653,0.5365853663170731,20.84243694548151,79.99262887352238
0.309297023019426,0.2721453911495141,-0.005529825964723633,0.1384551488228399,0.48838081344239487,1,0.6523628626728257,0.5365853663170731,90.76649912299598,123.73642365157936
0.4638800043444522,0.20743184504445264,-0.00919992855712768,0.027362100299150732,0.3058910334674332,0,1.3728646374646876,0.46341463468292676,263.3127617743119,415.3873212976499
0.28709828238333496,0.16212070140155066,0.0025078758189957025,0.15731421369002863,0.5161215567778493,1,0.8374544467485763,0.5365853663170731,106.54385959845946,150.2284481498335
0.03164101067541214,0.4606058390627642,0.006663464203785855,0.162234216044766,0.7927849647882386,1,0.7258634684727823,0.5365853663170731,7.150600804068249,44.28084413718813
0.13079135056156263,0.23186554840387105,0.006112777765892809,0.15594258396697352,0.6997364651367514,0,1.0487528846360523,0.46341463468292676,39.26519704903928,129.87678236550772
0.2469511317307833,0.4430937247085821,0.005337276102666407,0.16588269877521447,0.5659250272644121,1,1.0008820381485308,0.5365853663170731,105.77430992383972,160.9240476787899
0.28009655083534146,0.4011964061768709,0.00948423924831871,0.026206167771576982,0.5248587987045592,1,0.9192031945191339,0.5365853663170731,113.49074791911137,161.91056840680784
0.03071538453489327,0.4181680833539777,-0.0005860693243267337,0.051546073701021294,0.7935442298557012,1,0.5947725624287373,0.5365853663170731,6.154612771753281,36.02859898750431
0.4405523319451848,0.25613419662981024,0.0011062404937605547,0.1861960754386131,0.33120021697312374,1,1.0853384004837547,0.5365853663170731,227.44857950591867,271.8771183449975
0.17854879083044306,0.19374587353959022,0.0033235461513155817,0.039467752435928094,0.6473146152396638,0,0.5754999816769268,0.46341463468292676,34.28333439537236,86.01722255835114
0.4785787872870354,0.44341199432658596,-0.008394113973897934,0.19854489254697455,0.2905129817616003,1,0.6611665152763792,0.5365853663170731,152.0478721523581,177.2732069316207
0.34007012068297254,0.44358449910934294,6.17783936028276E-05,0.20208424224615293,0.45007922404897677,1,0.7051762599522138,0.5365853663170731,109.7588386849461,143.81007387030755
0.26099127566488056,0.23397694180439085,-0.005996961358933226,0.16051362562017218,0.5486069109629788,0,1.0472776245080295,0.46341463468292676,102.39908298282259,202.86043599766805
0.4492165583415034,0.184620712178117,0.002255951991423942,0.1859119238918237,0.321675439311832,1,0.8459566879765861,0.5365853663170731,181.215565633572,215.30865814696153
0.4668460383391222,0.22321386194006254,-0.005938089599804064,0.1299037186754419,0.30275136205009906,0,0.6897522724185848,0.46341463468292676,133.24120848766432,209.7959399665309
0.1325029528851169,0.256160892991424,-0.007914536110085685,0.1671391574233487,0.6979353133571894,1,0.8803252980021412,0.5365853663170731,38.97189283517552,94.85088757379299
0.4602795829811504,0.1208892420031546,-0.005980711549511511,0.043967824049279014,0.30972657075891985,0,0.9046720789767206,0.46341463468292676,172.00490709301542,271.9786459027258
0.19738531703938977,0.2864101502049762,0.006702300606622502,0.19402628612426404,0.6255266778198446,1,1.3301686215354915,0.5365853663170731,105.19612516448149,183.31413950918403
0.031582421637877084,0.2869986806935625,-0.00882551084217872,0.2042057541870539,0.7928330848068081,1,1.1298972506215317,0.5365853663170731,11.166325994968672,68.89799291491781
0.1804513089267776,0.21999735986813782,0.004928963293754014,0.11259141222228829,0.645139874854173,0,1.097353440056254,0.46341463468292676,66.33835762808528,165.13640445973508
0.4834361704920587,0.1383514950230492,-0.004860467088809455,0.1240748550109914,0.2855326631065193,0,1.4360245763957615,0.46341463468292676,288.440850806758,449.5666081081438
0.35486024960636176,0.26473327081870907,0.009557479014414122,0.12707629942664705,0.4318514511821348,1,1.1192040022552032,0.5365853663170731,183.0833624199498,235.91577597624465
0.3396935813779447,0.24719219587146873,0.0007784288519892962,0.18309617113466198,0.4505452500047245,0,0.7899120171973072,0.46341463468292676,106.04430215868878,186.36642332410028
0.40733350809073704,0.11821949464186071,-0.005963178750110408,0.043679243970512996,0.3689631372394027,1,1.4804476508779674,0.5365853663170731,283.8609309262288,348.0617875794404
0.32844102956747684,0.2818065031346896,0.0011931309621749132,0.0929476305995824,0.4645085028793196,1,1.4548822073055814,0.5365853663170731,217.3701414910099,288.8608139831082
0.1748785777831816,0.33125535390863914,-0.001442034138106757,0.09225400613260178,0.6514927218854036,1,0.9876495299337662,0.5365853663170731,66.1804368917862,125.80951852277609
0.19282363690101711,0.1323402028681432,-0.0029311131187393855,0.19478504365998556,0.6308539041087403,0,1.2089173135854852,0.46341463468292676,80.01408256432694,189.9509856268198
0.3237381027190658,0.1830106888352943,0.0036303091019533155,0.15116806733010713,0.4703621568745667,0,0.5216345912877631,0.46341463468292676,66.1715611327954,118.60492535817717
0.20098902760119597,0.12205423322601908,-0.0069558935039471335,0.1033048558250558,0.6212965035996315,1,0.9070989700998641,0.5365853663170731,73.49180034482009,126.52463163005305
0.08532167206766161,0.26728696104478417,-0.008943231198444604,0.04679319401587974,0.7452413766555536,1,0.9718626413828986,0.5365853663170731,18.41980238913339,83.46431661659147
0.2271054125051505,0.1444092598019211,-0.003407399856209475,0.11308792114867267,0.5901227732190305,1,1.3672420060575203,0.5365853663170731,129.93197836826533,207.2539741178797
0.1222355007763186,0.43935868737257955,-0.0014196051524112026,0.16794695980285618,0.7086471173443208,0,1.3202167953458694,0.46341463468292676,44.19424165012823,157.4336314092471
0.3544489081736882,0.451256437204432,-0.009811882926063558,0.11997544321230401,0.43235614672378764,1,0.8198166370018463,0.5365853663170731,133.92756501401618,172.65196900232763
0.47237287576886494,0.21027718731680756,0.008955582007279425,0.20771342392438716,0.2969499707158668,0,0.5983466054770847,0.46341463468292676,117.11663800819412,183.7683432366235
0.3699796241102645,0.22024236159410437,-0.00569992140666578,0.08927429068334135,0.41340712680157604,0,0.6421708050845987,0.46341463468292676,95.22316800502819,161.94532322686942
0.09520036545358615,0.2407541791632558,-0.006134692391443389,0.12103578711908115,0.7357506630499833,0,0.5856317715186774,0.46341463468292676,12.266942252828937,61.34004355029144
0.338394740055499,0.38927423296928143,-0.0068498589270049055,0.15680931764506237,0.45215342915299467,1,1.2103273834615607,0.5365853663170731,187.2962227222406,245.8883415696965
0.31704437700893934,0.11737303455237907,-0.0007650894442410624,0.1662148357863607,0.47870741410813633,0,0.766839303200524,0.46341463468292676,94.89810634875778,171.60322978749667
0.2634362430607137,0.25274036273022205,0.00018930146945142154,0.16434238548592775,0.5455778223110345,1,0.8020651248758962,0.5365853663170731,91.85792380513031,135.0851505435354
0.1966816727987871,0.18560632508509156,9.023506664216328E-05,0.02689513301797916,0.6263504320513292,1,0.650485963165055,0.5365853663170731,51.19795425402056,89.43312210556289
0.49734914023305715,0.42645618930759666,0.00036994170880408003,0.17577100615751512,0.2715553416022953,0,0.8162639370729513,0.46341463468292676,169.2181572350555,261.6361056481959
0.12726026569831198,0.4161088186856866,-0.0046408745714653634,0.1187336770159815,0.7034328331373809,0,0.622556794957517,0.46341463468292676,22.289735743454006,75.91739743518912
0.3076486372424516,0.40130336075150563,-0.007882590115946993,0.03700173356430686,0.4904403685315157,1,0.7611733913706491,0.5365853663170731,105.23259311090675,143.79352713063935
0.3917335040828835,0.3735201227821038,0.0032705648957148965,0.09709943692996141,0.38730197261773036,1,1.1589480501874108,0.5365853663170731,212.51537387359764,264.097027287243
0.32478546156770804,0.36119812012705865,-0.004331477309731523,0.2017672368985448,0.46905776375525543,1,0.5138206644979402,0.5365853663170731,75.76072850582105,101.14652220382655
0.476109574072114,0.4772993769390972,0.0027878094710352876,0.20357222777957668,0.29306425957308657,1,0.7828227953439685,0.5365853663170731,178.9878619534858,208.9961567859198
0.11402177117486567,0.1966035208183357,-0.004552960905503929,0.09617523571298237,0.7170532004741746,0,0.7906174968418747,0.46341463468292676,23.456534586268873,90.7952646387318
0.47473349863418074,0.2594565036517831,0.005561321422253421,0.1805428976754392,0.2944917464203606,1,1.0562211040203557,0.5365853663170731,240.71889451326177,281.3138377297263
0.19667892306888426,0.44198753626178366,-0.005775374553993053,0.11012364376807757,0.6263536497187423,1,0.5433376161583409,0.5365853663170731,42.76380200815787,74.70096474648821
0.29241610029359166,0.4938120547653232,0.002098992165224158,0.18563556034380363,0.5094787388795293,0,0.5298812044923572,0.46341463468292676,59.526413947614564,111.57429621737117
0.08357376446182549,0.2865920082603544,0.0032615625268135034,0.2049512271513004,0.7468970770234441,1,0.878455680971246,0.5365853663170731,15.825546616296409,74.73090014738112
0.002310503042447615,0.25647051602437654,0.0011084693163207135,0.1408116633448804,0.8158451341882367,0,0.5484123588765097,0.46341463468292676,12.119919059945373,30.10691642964242
0.053060848057764044,0.30214402536030116,0.004002078517341093,0.15410576970041998,0.7746393851495698,0,0.5949519467982239,0.46341463468292676,0.8439047011133736,48.86352896753123
0.23362146002874778,0.2712636805005668,0.0011772260401291881,0.07865189584840644,0.5822198284820896,0,0.9543021137147686,0.46341463468292676,81.2043074390917,170.83572223630836
0.2763491884229468,0.3669609385854383,0.0028642268352509596,0.034154439891760445,0.5295291111765874,0,1.1507474513029434,0.46341463468292676,120.70595823639206,232.38592967756577
0.438979176310347,0.1459951779087983,0.005646389366894213,0.202192395153545,0.3329448464365039,0,1.190048661404312,0.46341463468292676,214.51655667676138,344.171995764228
0.4232799510579929,0.3623231225937247,-0.002225263198942534,0.07779706670800088,0.3506007130682964,1,1.382922705208381,0.5365853663170731,276.99465959965613,335.35265294440705
0.07882447660845913,0.4619382729576613,-0.0004257899105668955,0.1502273139963985,0.7513597732731948,1,1.2217303578377376,0.5365853663170731,18.896249739964407,101.24464731687681
0.3157483282572349,0.14168672973368632,0.003998092177323109,0.16777308336821062,0.4803247545750194,1,0.6853128397768888,0.5365853663170731,97.72332479382138,132.03501650061713
0.2666430586327999,0.4648848496213951,-0.0009615474152199679,0.04151885219920373,0.5415997891294799,0,0.822192802709617,0.46341463468292676,82.54451004028095,161.75434733505594
0.37978343636718737,0.4671137830089377,-0.005436733130103319,0.07596682748569494,0.4015725263654588,0,1.1244870510997655,0.46341463468292676,171.8513873545865,289.4933107738022
0.0021370728510138916,0.16804978478143448,0.0024136603588301962,0.0689119843807593,0.8159753808724917,1,1.2778085916199762,0.5365853663170731,32.817378313298825,60.480998842613644
0.20981781473840486,0.1658003349163571,-0.0020990115274204923,0.08516140693107685,0.6108557930000589,1,1.3938404190791027,0.5365853663170731,119.53004052196859,200.11939643231602
0.086048279463336,0.13296594379142204,-0.005070766077875517,0.07072237115852645,0.7445510060222533,1,1.2400186069961725,0.5365853663170731,23.98565417349934,106.91129838940702
0.09069553627199285,0.47472568432554874,-0.0037345243029922827,0.13945206994165296,0.7401065299283,1,0.588797954883798,0.5365853663170731,12.857362636876621,52.032724179331964
0.18565121627675893,0.20021886439072847,-0.0020383583903491303,0.12600519446004424,0.6391654778125504,0,0.7659694246323636,0.46341463468292676,48.150951215792716,117.40493039710645
0.24715274746862834,0.13168863636985823,0.002544450216248842,0.09055483175001798,0.5656773723746106,0,1.461217279527903,0.46341463468292676,133.50187880930443,272.1912936597214
0.3908936131703172,0.1227492822440105,-0.007726990244224198,0.11372956282167211,0.3882989700193725,0,0.8796009981909771,0.46341463468292676,138.95504616112106,231.6924697025539
0.013111140817921208,0.492680658955444,0.0017494062761540547,0.2000334927532978,0.8075928441896187,1,0.5287557123362812,0.5365853663170731,10.46620221172296,27.71597740864103
0.3236497860977658,0.2229636932364496,0.006457661463160841,0.022129901201524728,0.4704721662017875,1,1.2754954391976332,0.5365853663170731,187.28924870595418,250.41229315715634
0.39789053117758155,0.4987869372585728,-0.009033336061534163,0.18635475734544674,0.38002251641610457,1,0.5766787580571504,0.5365853663170731,107.65033541261127,133.05695035938575
0.4504188485212712,0.34769567411751284,0.0035558212797883078,0.03944631469410207,0.32036514718044357,1,1.4958843956682293,0.5365853663170731,321.4040675740889,381.558447547911
0.06430626779995219,0.1798493188246383,-0.0020079230759329735,0.04647550377364992,0.7646723532329719,1,0.6516916268280203,0.5365853663170731,5.002732897016612,49.62105751748218
